name     ,  rank,   score, probability, sas_points, surf_atoms,   center_x,   center_y,   center_z, residue_ids, surf_atom_ids
pocket1  ,     1,   60.78,       0.988,        208,         96,    23.9281,    34.8338,     1.6817, A_148 A_199 A_200 A_202 A_203 A_207 A_210 A_211 A_212 A_214 A_218 A_222 A_236 A_274 A_289 A_290 A_291 A_294 A_295 A_298 A_382 A_383 A_385 A_386 A_387 A_388 A_390 A_391 A_395 A_404 A_408 A_443 A_444 A_447 A_450 A_451 A_454 A_458, 1161 1163 1638 1639 1649 1651 1667 1668 1669 1671 1672 1675 1676 1677 1678 1679 1724 1725 1726 1756 1757 1758 1759 1761 1766 1767 1768 1769 1779 1783 1784 1785 1805 1806 1846 1849 1884 1885 2015 2016 2018 2404 2543 2544 2552 2555 2562 2563 2564 2587 2597 2598 2619 3494 3495 3496 3505 3521 3533 3538 3539 3540 3541 3545 3547 3548 3549 3562 3568 3569 3570 3584 3586 3594 3595 3596 3633 3725 3727 3773 3774 4107 4108 4111 4112 4117 4138 4140 4142 4143 4168 4170 4175 4203 4204 4250
pocket2  ,     2,   59.93,       0.987,        196,         90,    60.6688,    31.0762,    62.0709, C_199 C_200 C_202 C_203 C_206 C_207 C_210 C_211 C_212 C_214 C_218 C_219 C_222 C_274 C_289 C_291 C_294 C_295 C_298 C_382 C_383 C_385 C_386 C_387 C_388 C_390 C_391 C_395 C_404 C_408 C_443 C_444 C_447 C_450 C_451 C_454 C_458, 12518 12519 12527 12529 12531 12547 12548 12551 12552 12555 12556 12557 12558 12559 12593 12604 12605 12606 12636 12637 12638 12641 12646 12647 12648 12649 12659 12662 12663 12664 12665 12685 12686 12726 12729 12732 12764 12765 13284 13423 13424 13442 13443 13444 13466 13467 13469 13477 13478 13499 14375 14376 14385 14401 14413 14418 14419 14420 14421 14425 14427 14428 14441 14442 14448 14449 14450 14464 14466 14474 14475 14476 14513 14605 14607 14653 14654 14987 14988 14991 14992 14997 15022 15023 15048 15050 15055 15083 15084 15130
pocket3  ,     3,   56.66,       0.985,        190,         97,    71.6818,    30.2124,    -3.4737, B_148 B_199 B_200 B_202 B_203 B_206 B_207 B_210 B_211 B_212 B_214 B_218 B_219 B_222 B_236 B_274 B_289 B_291 B_294 B_295 B_298 B_382 B_383 B_385 B_386 B_387 B_388 B_390 B_391 B_395 B_404 B_408 B_443 B_444 B_447 B_450 B_451 B_454 B_458, 6601 6603 7078 7079 7087 7089 7107 7108 7109 7111 7112 7115 7116 7117 7118 7119 7153 7164 7165 7166 7196 7197 7198 7199 7201 7206 7207 7208 7209 7213 7214 7219 7222 7223 7224 7225 7244 7245 7246 7286 7289 7292 7324 7325 7455 7458 7844 7983 7984 7998 8001 8002 8003 8004 8027 8029 8038 8059 8932 8935 8936 8945 8961 8973 8978 8979 8980 8981 8985 8988 8989 8995 9008 9009 9010 9026 9034 9035 9036 9073 9167 9213 9214 9547 9548 9552 9557 9582 9583 9608 9610 9611 9615 9640 9643 9644 9690
pocket4  ,     4,   55.53,       0.984,        191,         92,    12.3806,    37.9626,    57.4437, D_199 D_200 D_202 D_203 D_206 D_207 D_210 D_211 D_212 D_214 D_218 D_222 D_274 D_289 D_291 D_294 D_295 D_298 D_382 D_383 D_385 D_386 D_387 D_388 D_391 D_395 D_404 D_408 D_443 D_444 D_447 D_450 D_451 D_454 D_458, 17958 17959 17967 17969 17988 17989 17991 17992 17995 17996 17997 17998 17999 18033 18044 18045 18046 18076 18078 18079 18081 18086 18087 18088 18089 18090 18091 18093 18094 18099 18102 18103 18104 18105 18124 18125 18126 18169 18204 18205 18724 18863 18864 18881 18882 18883 18884 18907 18909 18918 18939 19812 19815 19816 19825 19841 19853 19858 19859 19860 19861 19865 19867 19868 19869 19875 19888 19889 19890 19914 19915 19916 19953 20042 20045 20047 20093 20094 20427 20428 20429 20431 20432 20437 20462 20463 20488 20495 20520 20523 20524 20570
pocket5  ,     5,   52.08,       0.982,        253,        123,    36.5839,    37.9226,    63.4150, C_139 C_140 C_142 C_143 C_144 C_145 C_224 C_225 C_226 C_227 C_229 C_231 C_235 C_236 C_237 C_238 C_241 C_330 C_333 C_373 C_374 C_375 C_376 C_536 C_537 C_538 D_139 D_140 D_142 D_143 D_144 D_145 D_222 D_224 D_225 D_226 D_227 D_229 D_231 D_235 D_236 D_237 D_238 D_241 D_330 D_333 D_373 D_374 D_375 D_376 D_536 D_537 D_538, 11945 11947 11949 11952 11957 11958 11964 11976 11982 11983 11986 11987 11988 11989 11990 11993 11994 12000 12008 12009 12010 12780 12782 12783 12784 12789 12790 12791 12792 12794 12797 12798 12799 12801 12808 12827 12842 12888 12893 12901 12902 12903 12910 12913 12950 12952 13838 13866 13868 14273 14285 14288 14289 14291 14296 14299 14313 14315 15880 15889 15899 17385 17387 17389 17392 17397 17398 17401 17404 17422 17423 17426 17428 17429 17430 17433 17434 17440 17449 17450 18201 18220 18222 18223 18224 18229 18230 18231 18232 18234 18237 18238 18248 18265 18267 18282 18328 18332 18333 18341 18342 18343 18349 18350 18353 18389 18392 19278 19279 19306 19308 19713 19725 19728 19729 19730 19731 19736 19739 19755 21320 21329 21339
pocket6  ,     6,   49.44,       0.979,        266,        122,    48.0332,    28.9767,     2.5503, A_139 A_140 A_142 A_143 A_144 A_145 A_224 A_225 A_226 A_227 A_229 A_231 A_235 A_236 A_237 A_238 A_241 A_330 A_333 A_373 A_374 A_375 A_376 A_536 A_537 A_538 B_139 B_140 B_142 B_143 B_144 B_145 B_222 B_224 B_225 B_226 B_227 B_229 B_231 B_235 B_236 B_237 B_238 B_241 B_330 B_333 B_373 B_374 B_375 B_376 B_536 B_537 B_538, 1067 1069 1072 1077 1078 1081 1084 1096 1102 1103 1106 1107 1108 1109 1110 1113 1114 1120 1129 1130 1900 1902 1903 1904 1906 1909 1910 1911 1912 1914 1917 1918 1928 1947 1962 2008 2012 2013 2021 2022 2023 2029 2033 2069 2070 2072 2958 2986 2988 3393 3405 3408 3409 3411 3416 3419 3433 3435 5000 5009 5019 6505 6507 6509 6512 6517 6524 6536 6540 6541 6542 6543 6546 6548 6549 6550 6554 6560 6563 6568 6569 6570 7321 7340 7343 7344 7349 7350 7351 7352 7354 7357 7358 7368 7387 7402 7403 7448 7453 7461 7462 7463 7469 7470 7473 7509 7512 8398 8399 8426 8428 8833 8845 8849 8850 8851 8856 8859 8875 10440 10449 10459
pocket7  ,     7,   41.53,       0.966,        198,        104,    35.4112,    10.2679,    -7.9709, A_125 A_130 A_133 A_134 A_135 A_136 A_137 A_138 A_151 A_152 A_153 A_154 A_156 A_157 A_158 A_34 A_36 A_37 A_39 A_41 A_42 A_43 A_44 A_45 A_46 A_461 A_465 A_468 A_469 A_47 A_48 A_49 B_322 B_323 B_324 B_326 B_327 B_330 B_331 B_548 B_549, 10 13 14 15 16 30 31 35 50 51 53 54 55 56 70 75 76 81 86 97 98 99 100 103 105 117 123 124 127 129 132 133 141 142 143 149 150 928 969 970 971 997 1015 1017 1021 1022 1023 1024 1027 1030 1031 1033 1035 1036 1040 1045 1053 1054 1197 1207 1213 1214 1215 1219 1221 1231 1232 1235 1237 1241 1243 1246 1253 4286 4287 4326 4364 4367 4374 4377 4379 8311 8312 8315 8324 8329 8334 8335 8352 8362 8365 8366 8393 8394 8403 8404 8408 10555 10556 10557 10558 10561 10562 10564
pocket8  ,     8,   41.49,       0.966,        219,        114,    60.1409,    38.6786,    21.0293, A_322 A_324 A_326 A_327 A_331 A_334 A_542 A_543 A_546 A_548 A_549 B_122 B_123 B_125 B_130 B_133 B_134 B_135 B_136 B_137 B_138 B_151 B_152 B_153 B_154 B_155 B_156 B_157 B_158 B_34 B_36 B_37 B_39 B_41 B_43 B_44 B_45 B_46 B_461 B_465 B_468 B_469 B_47 B_48 B_49 B_61 B_62, 2871 2872 2894 2895 2912 2922 2925 2926 2968 2969 2999 5046 5047 5051 5052 5054 5055 5101 5115 5116 5117 5118 5121 5122 5124 5450 5453 5454 5455 5456 5470 5471 5475 5477 5490 5495 5496 5510 5526 5529 5537 5538 5539 5540 5541 5542 5543 5544 5545 5557 5560 5563 5564 5567 5569 5572 5573 5581 5582 5583 5590 5702 5704 5717 6332 6335 6337 6344 6345 6346 6367 6368 6409 6410 6411 6437 6455 6461 6462 6463 6464 6466 6467 6470 6471 6473 6475 6476 6480 6485 6493 6637 6647 6653 6654 6655 6658 6659 6661 6665 6666 6668 6671 6672 6675 6677 6683 6693 9726 9727 9766 9804 9813 9814
pocket9  ,     9,   40.15,       0.963,        160,         99,    61.1665,    44.8949,    76.9319, C_113 C_116 C_120 C_192 C_348 C_349 C_350 C_351 C_352 C_353 C_354 C_355 C_359 C_384 C_385 C_387 C_513 C_514 C_515 C_516 C_518 C_522 C_523 C_524 C_526 C_527 C_530 C_531 C_581 C_86 C_87 C_89 C_90 C_91 C_93 C_94 C_95, 11389 11391 11392 11398 11399 11401 11420 11423 11424 11427 11429 11430 11431 11432 11436 11437 11440 11443 11466 11472 11473 11474 11485 11486 11681 11714 11715 11750 11752 12450 12452 12453 12454 12455 12456 12457 14008 14019 14020 14025 14029 14035 14037 14041 14043 14050 14054 14057 14059 14060 14065 14066 14067 14069 14072 14077 14078 14079 14127 14395 14407 14408 14436 15678 15682 15695 15696 15697 15698 15700 15701 15702 15708 15711 15725 15728 15730 15732 15761 15763 15768 15770 15772 15773 15782 15783 15795 15796 15797 15799 15800 15802 15803 15828 15829 15837 15838 15839 16296
pocket10 ,    10,   39.94,       0.963,        174,         85,    50.1246,    55.9596,    51.5377, C_125 C_130 C_133 C_134 C_135 C_136 C_137 C_151 C_152 C_153 C_154 C_155 C_156 C_157 C_158 C_34 C_36 C_37 C_39 C_41 C_42 C_43 C_44 C_45 C_46 C_461 C_465 C_468 C_469 C_47 C_48 C_49 D_322 D_323 D_324 D_326 D_327, 10890 10893 10894 10895 10896 10910 10911 10912 10917 10930 10931 10934 10935 10936 10947 10950 10961 10966 10977 10978 10979 10980 10983 10985 10997 11000 11003 11004 11007 11009 11012 11013 11022 11023 11029 11030 11808 11849 11850 11851 11877 11895 11901 11902 11903 11904 11907 11910 11913 11915 11916 11920 12077 12087 12093 12094 12095 12099 12101 12104 12108 12111 12112 12115 12117 12121 12123 12133 15166 15167 15202 15206 15244 15247 15253 15254 15257 15259 19191 19204 19214 19215 19232 19242 19245
pocket11 ,    11,   38.36,       0.960,        143,         80,    24.4615,    21.2538,    17.0664, A_113 A_116 A_120 A_192 A_345 A_348 A_349 A_352 A_353 A_354 A_355 A_359 A_384 A_385 A_387 A_513 A_514 A_515 A_516 A_518 A_522 A_523 A_524 A_526 A_527 A_530 A_531 A_86 A_87 A_89 A_90 A_91 A_93 A_94 A_95, 511 516 518 519 521 540 543 544 547 549 550 551 552 556 557 560 562 586 592 593 594 605 606 801 834 870 872 1570 1573 1575 1576 1577 3099 3128 3139 3140 3170 3174 3177 3179 3180 3185 3198 3199 3247 3248 3515 3527 3528 3556 4802 4815 4816 4817 4818 4820 4821 4822 4827 4828 4831 4852 4881 4883 4888 4890 4892 4893 4903 4915 4916 4917 4919 4920 4922 4923 4948 4949 4957 4959
pocket12 ,    12,   36.89,       0.956,         98,         55,    14.6193,    52.6104,    69.9006, D_116 D_120 D_192 D_348 D_349 D_352 D_353 D_355 D_359 D_384 D_385 D_387 D_513 D_516 D_518 D_522 D_523 D_524 D_526 D_527 D_530 D_531 D_86 D_89 D_90 D_93, 16831 16860 16864 16870 16871 16872 16906 17154 17155 17190 17192 17895 17896 17897 19448 19459 19460 19490 19494 19497 19499 19500 19517 19518 19519 19568 19835 19847 19848 19876 19877 21122 21148 21151 21170 21172 21201 21203 21208 21210 21212 21213 21223 21235 21236 21237 21239 21240 21242 21243 21268 21269 21277 21278 21279
pocket13 ,    13,   36.46,       0.956,         95,         50,    70.5272,    15.2580,     9.3483, B_116 B_120 B_192 B_348 B_349 B_352 B_353 B_355 B_359 B_384 B_385 B_387 B_513 B_516 B_518 B_522 B_523 B_524 B_526 B_527 B_530 B_531 B_86 B_89 B_90 B_93, 5951 5980 5984 5990 5991 5992 6026 6274 6275 6310 6312 7016 8568 8579 8580 8610 8614 8617 8619 8620 8637 8638 8639 8688 8955 8967 8968 8996 8997 10242 10268 10271 10285 10321 10328 10330 10332 10333 10343 10355 10356 10359 10360 10362 10363 10388 10389 10397 10398 10399
pocket14 ,    14,   34.77,       0.951,        169,         87,    23.4033,    27.9803,    81.9643, C_322 C_323 C_324 C_326 C_327 D_130 D_132 D_133 D_134 D_135 D_136 D_151 D_152 D_153 D_154 D_155 D_156 D_157 D_158 D_34 D_36 D_37 D_39 D_41 D_42 D_43 D_44 D_45 D_46 D_461 D_465 D_468 D_469 D_47 D_48 D_49, 13751 13752 13764 13774 13775 13792 13793 13794 13802 13805 16330 16333 16334 16335 16336 16350 16351 16355 16357 16370 16373 16375 16376 16390 16401 16406 16417 16418 16419 16420 16423 16425 16437 16444 16447 16449 16452 16453 16462 16463 16470 17289 17291 17309 17315 17316 17317 17318 17335 17337 17341 17342 17343 17344 17346 17347 17350 17353 17355 17356 17517 17527 17533 17534 17535 17539 17541 17544 17545 17546 17547 17548 17549 17551 17552 17555 17557 17561 17562 17563 17570 17573 20607 20646 20684 20693 20694
pocket15 ,    15,   12.14,       0.640,         99,         39,    32.4648,    43.8549,    30.1919, A_308 A_311 A_315 A_339 A_554 A_558 A_561 A_562 A_566 A_569 A_570 A_574 D_245 D_246 D_248 D_253 D_254 D_268 D_269 D_270, 2727 2761 2762 2800 2801 2802 3042 5167 5205 5206 5207 5232 5233 5234 5239 5277 5278 5302 5303 5309 5312 5313 5352 18434 18451 18454 18455 18477 18524 18525 18539 18541 18663 18666 18667 18670 18675 18685 18686
pocket16 ,    16,    9.77,       0.525,         94,         43,    68.6696,    11.7837,    18.2425, B_100 B_112 B_115 B_116 B_119 B_120 B_122 B_123 B_470 B_471 B_524 B_528 B_83 B_86 B_89 B_92 B_93, 5926 5927 5949 5951 5954 5978 5980 5981 6014 6016 6017 6025 6026 6099 6100 6228 6231 6232 6260 6262 6264 6271 6275 6298 6299 6300 6301 6304 6305 6307 6311 6312 6338 6349 6350 9833 9845 9846 9847 10338 10342 10343 10370
pocket17 ,    17,    9.68,       0.521,        101,         45,    25.3069,    32.4813,    27.3534, A_192 A_342 A_346 A_347 A_350 A_351 A_354 A_358 A_560 A_561 A_562 A_563 A_564 A_565 A_579 A_580 A_581 D_267 D_270 D_281, 1572 3069 3070 3104 3105 3107 3108 3109 3114 3117 3145 3147 3155 3157 3161 3163 3185 3233 3234 3235 3236 5221 5230 5231 5232 5241 5248 5249 5258 5265 5390 5394 5397 5404 5413 5414 5416 18650 18652 18653 18654 18655 18683 18686 18790
pocket18 ,    18,    8.63,       0.461,        103,         47,    17.1648,    55.2094,    79.1810, D_100 D_112 D_115 D_116 D_119 D_120 D_122 D_123 D_470 D_471 D_524 D_528 D_83 D_84 D_86 D_89 D_92 D_93, 16803 16806 16807 16815 16828 16829 16831 16832 16834 16858 16860 16861 16896 16905 16906 16979 16980 17106 17108 17111 17112 17140 17141 17143 17145 17146 17151 17155 17178 17179 17180 17181 17184 17185 17191 17192 17218 17229 17230 20713 20725 20726 20727 21218 21222 21223 21250
pocket19 ,    19,    7.33,       0.383,         85,         49,     6.9310,    59.8695,    66.2349, D_191 D_192 D_347 D_350 D_351 D_352 D_353 D_354 D_355 D_356 D_513 D_514 D_515 D_516 D_579 D_580 D_581 D_90 D_94, 16871 16872 16911 16912 16914 17885 17890 17892 17893 17894 17895 17896 17897 19432 19434 19435 19437 19464 19465 19467 19469 19474 19475 19477 19478 19481 19483 19490 19499 19505 19506 19507 19509 19512 19531 21117 21135 21136 21138 21140 21141 21142 21147 21148 21151 21714 21717 21733 21736
pocket20 ,    20,    7.24,       0.377,         67,         37,    43.6696,    14.6973,    11.8623, A_117 A_118 A_121 A_122 A_124 A_126 A_366 A_370 A_371 A_372 A_532 B_367 B_369 B_373 B_542 B_543, 841 850 883 884 885 890 892 915 933 3317 3357 3358 3361 3362 3366 3367 3368 3372 3374 3378 3383 3386 4966 4967 4968 4969 8760 8762 8785 8838 10486 10487 10488 10489 10490 10496 10498
pocket21 ,    21,    7.07,       0.366,         71,         34,    53.2598,    19.5141,    16.0644, A_366 A_367 A_369 A_373 A_542 A_543 B_117 B_118 B_121 B_122 B_124 B_126 B_366 B_370 B_371 B_372 B_532, 3313 3322 3345 3398 5048 5049 5056 5058 6281 6288 6290 6291 6293 6323 6324 6325 6330 6355 6373 8757 8796 8797 8798 8800 8801 8802 8812 8814 8818 8823 8826 10406 10407 10409
pocket22 ,    22,    6.71,       0.341,         67,         36,    31.8484,    48.5078,    76.4528, C_366 C_367 C_369 C_371 C_373 C_542 C_543 D_117 D_118 D_121 D_122 D_124 D_126 D_370 D_371 D_372 D_532, 14193 14200 14202 14225 14249 14278 14280 15928 15929 15936 15938 17161 17168 17170 17203 17204 17205 17209 17210 17213 17235 17253 19676 19677 19678 19680 19681 19682 19687 19692 19694 19698 19703 19706 21287 21289
pocket23 ,    23,    6.46,       0.326,         62,         26,    58.4613,    53.2647,    85.1570, C_100 C_103 C_112 C_115 C_116 C_119 C_120 C_355 C_89 C_92 C_93 C_99, 11416 11418 11420 11421 11454 11456 11457 11459 11460 11463 11464 11465 11466 11525 11539 11540 11570 11671 11672 11702 11704 11711 11715 11741 11752 14079
pocket24 ,    24,    6.46,       0.326,         64,         31,    41.7554,    52.3710,    71.9375, C_117 C_118 C_121 C_122 C_124 C_126 C_366 C_370 C_371 C_372 C_532 D_367 D_373 D_542 D_543, 11721 11728 11730 11731 11763 11764 11765 11770 11772 11795 11813 14197 14237 14238 14241 14242 14247 14252 14254 14258 14263 14266 15847 15849 19642 19718 21368 21369 21370 21376 21378
pocket25 ,    25,    5.74,       0.279,         52,         23,    27.2450,    14.1667,    24.3865, A_100 A_112 A_115 A_116 A_119 A_120 A_355 A_89 A_92 A_93, 536 538 540 541 574 576 577 579 580 583 585 586 659 660 788 791 792 823 825 835 861 872 3199
pocket26 ,    26,    5.53,       0.264,         65,         31,    28.3166,    11.3161,    15.6583, A_115 A_119 A_120 A_122 A_123 A_471 A_524 A_528 A_83 A_84 A_86 A_89, 485 486 487 495 497 498 509 514 540 541 825 826 858 859 860 861 864 865 867 871 872 896 898 908 910 4405 4406 4898 4902 4903 4930
pocket27 ,    27,    5.17,       0.239,         48,         23,    41.2580,    65.6055,    50.2076, C_48 C_50 C_56 C_57 C_58 D_319 D_320 D_548 D_551 D_552 D_553 D_554, 11020 11036 11037 11039 11098 11100 11101 11110 11120 19159 19161 19164 19165 19166 19177 21433 21437 21465 21468 21472 21476 21479 21488
pocket28 ,    28,    5.15,       0.237,         65,         34,    57.1076,    55.4371,    75.0025, C_115 C_116 C_119 C_120 C_122 C_123 C_470 C_471 C_524 C_528 C_83 C_84 C_86 C_89, 11365 11366 11367 11375 11377 11378 11389 11392 11420 11421 11702 11704 11706 11711 11738 11739 11740 11741 11744 11745 11747 11751 11752 11776 11778 11788 11790 15273 15285 15286 15287 15782 15783 15810
pocket29 ,    29,    4.62,       0.200,         43,         26,    46.5860,    57.5213,    62.9944, C_122 C_123 C_125 C_130 C_151 C_44 C_46 C_60 C_61 C_62 D_542 D_543 D_546, 10980 10981 10982 10984 10985 11006 11007 11133 11142 11143 11144 11162 11772 11775 11777 11784 11807 11808 11850 11851 12077 21367 21372 21375 21376 21421
pocket30 ,    30,    4.50,       0.192,         46,         26,    43.8214,     1.2999,    -8.7821, A_48 A_50 A_56 A_57 A_58 B_319 B_320 B_547 B_548 B_551 B_552 B_553 B_554, 140 157 159 217 218 220 221 230 235 238 239 240 8281 8285 8296 8297 10550 10553 10554 10557 10585 10588 10592 10596 10599 10608
pocket31 ,    31,    4.37,       0.183,         52,         34,    78.9456,     9.2458,     7.0889, B_191 B_192 B_350 B_351 B_353 B_354 B_355 B_513 B_514 B_515 B_516 B_581 B_90 B_94, 5989 5991 5992 6034 7005 7010 7012 7013 7014 7016 7017 8585 8595 8597 8598 8601 8619 8625 8626 8627 8629 8632 10237 10255 10256 10258 10260 10261 10262 10267 10268 10271 10853 10856
pocket32 ,    32,    4.13,       0.167,         42,         23,    52.5124,    40.5768,    29.6291, A_319 A_320 A_548 A_551 A_552 A_553 A_554 B_48 B_50 B_56 B_57 B_58, 2841 2845 2857 5114 5117 5145 5148 5152 5156 5168 5580 5596 5597 5599 5657 5658 5660 5661 5669 5670 5674 5675 5680
pocket33 ,    33,    4.02,       0.160,         68,         32,    19.2266,    44.6475,    88.2597, D_42 D_43 D_44 D_468 D_469 D_471 D_472 D_63 D_64 D_76 D_79 D_80 D_83, 16398 16401 16406 16407 16408 16409 16412 16417 16422 16423 16605 16606 16618 16620 16730 16765 16778 16779 16805 20682 20683 20684 20685 20687 20688 20693 20694 20696 20723 20726 20727 20733
pocket34 ,    34,    4.02,       0.160,         25,         18,    23.0972,    62.6742,    50.0724, D_308 D_311 D_315 D_339 D_557 D_558 D_561 D_562 D_566 D_570, 19047 19082 19122 19362 21510 21521 21523 21525 21526 21551 21552 21553 21554 21558 21559 21597 21598 21633
pocket35 ,    35,    3.85,       0.150,         42,         26,    39.6524,     9.5631,     4.0430, A_122 A_123 A_125 A_44 A_46 A_60 A_61 A_62 B_542 B_543 B_546, 100 101 104 105 127 253 262 263 264 282 892 895 897 905 906 927 928 10486 10487 10488 10489 10491 10492 10495 10496 10541
pocket36 ,    36,    3.83,       0.149,         18,         19,    50.4099,    39.6625,    69.7542, C_209 C_228 C_375 C_376 C_377 C_381 C_529 C_530 C_533 C_534, 12629 12631 12632 12818 14302 14303 14310 14325 14330 14362 14364 14366 15815 15816 15817 15825 15827 15855 15865
pocket37 ,    37,    3.72,       0.142,         41,         21,    14.5098,    44.4922,    30.4349, A_424 A_428 A_577 A_583 D_255 D_256 D_257 D_282 D_411 D_412 D_415 D_416, 3930 3932 3969 3970 3971 5372 5435 5436 18552 18560 18570 18571 18572 18796 18797 18800 20127 20136 20161 20163 20174
pocket38 ,    38,    3.63,       0.136,         28,         20,    31.6740,    27.8553,    82.2327, C_323 C_327 C_331 C_548 C_549 D_135 D_136 D_137 D_46 D_47 D_48, 13769 13806 13848 15995 15996 15998 16001 16002 16004 16443 16444 16452 16461 16462 16463 17344 17347 17350 17351 17365
pocket39 ,    39,    3.63,       0.136,         52,         18,    55.0680,    63.2735,    67.5414, C_43 C_44 C_468 C_471 C_472 C_63 C_64 C_76 C_80, 10966 10967 10969 10972 10982 11165 11178 11180 11290 11338 11339 15242 15243 15244 15283 15286 15287 15293
pocket40 ,    40,    3.30,       0.116,          5,         10,    20.6191,    50.6272,    54.0171, D_201 D_204 D_205 D_232 D_305 D_340, 17981 17983 18010 18022 18298 19005 19006 19008 19369 19370
pocket41 ,    41,    3.24,       0.112,         16,         18,    34.1785,    27.1138,     9.5627, A_209 A_375 A_376 A_377 A_381 A_529 A_530 A_533 A_534, 1749 1751 1752 3422 3423 3430 3445 3450 3482 3484 3486 4935 4936 4937 4945 4947 4975 4985
pocket42 ,    42,    3.14,       0.106,         36,         20,    32.5768,    27.5982,    90.9052, C_319 C_320 C_548 C_551 C_552 C_553 C_554 D_48 D_50 D_56 D_57 D_58, 13725 13736 13737 15997 16025 16028 16032 16036 16048 16460 16477 16479 16538 16540 16541 16549 16550 16554 16555 16560
pocket43 ,    43,    3.10,       0.104,         43,         21,    16.2950,    10.8312,    12.2027, A_473 A_475 A_480 A_510 A_511 A_513 A_514 A_520 A_87, 520 521 522 4422 4423 4447 4495 4500 4772 4777 4778 4780 4781 4782 4795 4799 4817 4859 4863 4866 4867
pocket44 ,    44,    3.01,       0.099,         48,         26,    80.2609,    20.3750,    20.2883, B_467 B_473 B_475 B_480 B_481 B_510 B_511 B_520 B_87, 5959 5960 5961 5962 9791 9859 9862 9863 9885 9887 9889 9935 9939 9940 9945 10212 10217 10218 10220 10221 10222 10299 10303 10305 10306 10307
pocket45 ,    45,    2.91,       0.093,         47,         23,    68.5029,    56.2516,    71.0231, C_473 C_475 C_480 C_511 C_513 C_520 C_85 C_87, 11385 11400 11401 11402 15299 15302 15303 15325 15327 15375 15379 15380 15657 15660 15661 15662 15675 15679 15739 15743 15745 15746 15747
pocket46 ,    46,    2.75,       0.084,         36,         22,    60.7539,    57.4724,    53.8164, C_163 C_165 C_166 C_38 C_39 C_42 C_462 C_464 C_465 C_468 C_499, 10922 10924 10933 10934 10935 10936 10962 12168 12185 12193 12194 12195 15171 15175 15192 15204 15207 15248 15549 15550 15551 15552
pocket47 ,    47,    2.70,       0.080,         39,         22,     4.7980,    48.4497,    80.9274, D_467 D_473 D_475 D_480 D_481 D_510 D_511 D_520 D_87, 16840 16841 16842 20671 20742 20765 20767 20769 20815 20820 20825 21092 21097 21098 21100 21101 21102 21179 21183 21185 21186 21187
pocket48 ,    48,    2.67,       0.079,         40,         22,    28.1786,    40.4609,    82.5784, C_542 C_543 C_546 D_122 D_123 D_125 D_44 D_46 D_61, 15926 15927 15931 15932 15934 15981 16420 16421 16422 16424 16425 16447 16582 16584 17212 17215 17217 17224 17225 17226 17247 17248
pocket49 ,    49,    2.67,       0.079,         23,         15,    61.9879,     4.4480,   -10.0534, B_308 B_311 B_339 B_557 B_558 B_561 B_562 B_566 B_570, 8167 8202 8482 10630 10641 10643 10645 10646 10672 10673 10674 10679 10717 10718 10753
pocket50 ,    50,    2.63,       0.076,         38,         26,    12.3249,    31.8218,    84.5244, D_163 D_165 D_166 D_38 D_39 D_42 D_461 D_462 D_464 D_465 D_468 D_499, 16364 16373 16374 16375 16376 16402 17608 17625 17631 17632 17633 17634 17635 20603 20611 20615 20616 20632 20644 20647 20688 20989 20990 20991 20992 20993
pocket51 ,    51,    2.60,       0.075,         41,         27,    24.4096,     8.0411,    -5.3152, A_163 A_165 A_166 A_38 A_39 A_42 A_462 A_464 A_465 A_468 A_499, 42 43 44 53 54 55 56 82 1288 1305 1311 1312 1313 1314 1315 4291 4295 4312 4324 4327 4367 4368 4669 4670 4671 4672 4673
pocket52 ,    52,    2.54,       0.072,         12,         14,    61.3817,    21.8758,     3.6703, B_209 B_227 B_375 B_376 B_377 B_381 B_529 B_533 B_534, 7188 7190 7192 7368 8862 8863 8870 8885 8890 8924 8926 10375 10415 10425
pocket53 ,    53,    2.49,       0.069,         15,         13,    50.5528,    26.6766,    86.8714, C_311 C_339 C_558 C_561 C_562 C_563 C_566 C_570, 13642 13922 16086 16112 16113 16114 16119 16122 16124 16127 16157 16158 16193
pocket54 ,    54,    2.43,       0.066,         11,         13,    23.3823,    45.7280,    64.3003, D_209 D_227 D_375 D_377 D_381 D_529 D_530 D_533 D_534, 18068 18070 18072 18248 19743 19765 19770 19804 19806 21255 21265 21295 21305
pocket55 ,    55,    2.01,       0.043,         29,         18,    61.6486,    33.2728,    85.0482, C_347 C_350 C_351 C_564 C_565 C_578 C_579 C_580 C_581, 13992 13994 13995 13996 13997 14027 14035 14038 14041 16138 16141 16145 16263 16270 16274 16277 16284 16293
pocket56 ,    56,    2.01,       0.043,         33,         17,    67.8838,    25.5672,    26.7278, B_42 B_43 B_44 B_468 B_469 B_471 B_472, 5518 5521 5526 5527 5528 5532 5537 5542 9802 9803 9804 9805 9808 9813 9814 9843 9853
pocket57 ,    57,    1.99,       0.042,          3,          6,    64.4417,    17.0027,    -6.5797, B_201 B_204 B_205 B_232 B_305, 7101 7103 7130 7140 7418 8128
pocket58 ,    58,    1.97,       0.041,         27,         25,    42.2137,    56.7427,    51.9085, C_130 C_135 C_136 C_137 C_138 C_46 C_47 C_48 D_330 D_331 D_548 D_549, 11003 11004 11012 11022 11849 11904 11907 11910 11911 11920 11924 11933 11934 19273 19274 19283 19284 19288 21435 21436 21437 21438 21441 21442 21444
pocket59 ,    59,    1.92,       0.039,         33,         21,    62.2253,    10.2271,   -22.5840, B_251 B_254 B_260 B_261 B_307 B_310 B_311 B_314 B_570 B_571, 7624 7660 7661 7711 7718 7719 7720 8143 8145 8146 8147 8149 8150 8186 8194 8198 8233 10749 10758 10760 10763
pocket60 ,    60,    1.80,       0.034,         33,         18,    42.8747,    41.2516,    47.8964, C_133 C_134 C_140 C_144 C_147 C_220 D_238 D_242 D_326, 11878 11879 11880 11882 11883 11896 11897 11965 12000 12030 12745 12746 12747 18355 18356 18404 18405 19236
pocket61 ,    61,    1.67,       0.028,         24,         20,    21.9459,    56.3974,    38.2848, D_254 D_260 D_261 D_307 D_310 D_311 D_314 D_570 D_571, 18540 18591 18594 18598 18599 18600 19023 19025 19026 19027 19029 19030 19066 19074 19078 19113 21629 21638 21640 21643
pocket62 ,    62,    1.65,       0.027,         26,         13,    72.0407,     5.4655,    -2.2790, B_346 B_347 B_350 B_351 B_563 B_564 B_565 B_578 B_579 B_580, 8544 8552 8554 8557 8587 8598 10688 10698 10705 10823 10830 10834 10837
pocket63 ,    63,    1.64,       0.027,         24,         23,    72.0176,    37.4968,    22.5474, B_155 B_163 B_165 B_166 B_38 B_39 B_461 B_462 B_465 B_499, 5483 5484 5492 5493 5494 5495 5496 6669 6728 6745 6752 6753 6754 6755 9723 9727 9731 9735 9736 9764 9767 10109 10110
pocket64 ,    64,    1.51,       0.022,         26,         16,    41.9647,    38.1862,    89.8154, C_361 C_362 C_364 C_545 C_556 C_557 C_560, 14146 14159 14160 14161 14177 14178 14179 15965 15968 16064 16065 16075 16102 16103 16104 16105
pocket65 ,    65,    1.49,       0.021,         24,         14,    13.1532,    61.7280,    57.2633, D_346 D_347 D_350 D_563 D_564 D_565 D_578 D_579 D_580, 19424 19432 19434 19435 19436 19437 19467 21568 21578 21585 21703 21710 21714 21717
pocket66 ,    66,    1.46,       0.020,         21,         20,    49.5827,    46.3902,    64.8839, C_124 C_125 C_149 C_151 C_375 C_376 C_529 C_532, 11797 11798 11801 11804 11805 12053 12054 12074 12075 12078 14302 14310 15813 15815 15816 15817 15818 15820 15822 15845
pocket67 ,    67,    1.42,       0.018,         28,         15,    -3.2952,    48.3764,    69.7707, D_188 D_189 D_433 D_436 D_482 D_484 D_487 D_512 D_514 D_515, 17863 17864 17869 20338 20340 20364 20365 20366 20834 20849 20850 20885 21113 21134 21144
pocket68 ,    68,    1.38,       0.017,         12,          8,    24.7192,    37.0677,    80.0924, D_125 D_130 D_151 D_152 D_153 D_44 D_46, 16420 16425 16447 17248 17290 17517 17527 17535
pocket69 ,    69,    1.33,       0.015,         21,         23,    34.7964,    20.8031,     5.4083, A_124 A_125 A_149 A_151 A_375 A_376 A_377 A_378 A_381 A_529 A_532, 917 918 921 924 1174 1194 1195 1198 3422 3430 3445 3457 3482 3484 4933 4935 4936 4937 4938 4939 4940 4942 4965
pocket70 ,    70,    1.15,       0.009,         21,         13,     7.9991,    22.4105,    10.9098, A_188 A_433 A_436 A_482 A_487 A_511 A_512, 1542 1543 1544 4018 4020 4044 4045 4046 4514 4565 4779 4792 4793
pocket71 ,    71,    0.92,       0.004,         19,         12,    76.9112,    43.9054,    70.2553, C_188 C_433 C_436 C_482 C_487 C_511 C_512, 12422 12423 12424 14898 14900 14924 14926 15394 15445 15659 15672 15673
